Name,Radius (m),Mass (kg),Semi-major Axis (m),Eccentricity,Inclination (deg),Orbital Period (s)
Proxima Centauri b,7008100.000000001,6.3902433e+24,7252504771.536,0.0,,966353.76
Proxima Centauri d,5096800.0,1.5527694000000002e+24,4309914654.867,0.0,,442660.032
Proxima Centauri c (candidate),15927500.0,4.658308200000001e+25,222751229472.30002,0.04,,166579200.0