Name,Radius (m),Mass (kg),Semi-major Axis (m),Eccentricity,Inclination (deg),Orbital Period (s)
Mercury,2439700.0,3.3011e+23,57910000000.0,0.2056,7.005,7600520.0
Venus,6051800.0,4.8675e+24,108200000000.0,0.0068,3.3946,19414200.0
Earth,6371000.0,5.97237e+24,149600000000.0,0.0167,0.0,31557600.0
Mars,3389500.0,6.4171e+23,227900000000.0,0.0934,1.85,59354400.0
Jupiter,69911000.0,1.8982e+27,778500000000.0,0.0489,1.305,374300000.0
Saturn,58232000.0,5.6834e+26,1433000000000.0,0.0565,2.485,929200000.0
Uranus,25362000.0,8.681e+25,2877000000000.0,0.0457,0.772,2652000000.0
Neptune,24622000.0,1.02413e+26,4503000000000.0,0.0113,1.77,5200000000.0
Pluto,1188000.0,0.01303e+24,5869656000,0.2444,17.16,220000000